"t","\alpha","\chi","v_F","\rho_t","x","y","z","\dot x","\dot y","\dot z","\ddot x","\ddot y","\ddot z","k_x","k_y","k_z","s_x","s_y","s_z","L_x","L_y","L_z","J_x","J_y","J_z","E"
-10.7,0.5,1,1,1,-0.9606743667611324,8.637949393626345,0.295987967510305,-0.25833334494788174,-1.292366279311149,0.02607761888023579,-0.0022769677937170313,-0.016291094274371806,0.009181063882062824,-0.12163523536124378,-0.39276702337291686,0.,-0.14791342850392405,-0.4776207885637041,0.,0.11625431295322211,-0.03600256609221213,1.4280002189956853,-0.031659115550701944,-0.5136233546559162,1.4280002189956853,0.5390212938468228
-10.396039603960395,0.5,1,1,1,-1.039299906900531,8.244363688762604,0.3043590585512798,-0.2589974363623132,-1.2973660842826409,0.02907159343845084,-0.0020788920061823486,-0.016591038631136805,0.010549916591505967,-0.12395331772035097,-0.3907283830449859,0.,-0.15119267378090673,-0.4765928822328133,0.,0.11892172281283575,-0.037726315085673694,1.4280002038373647,-0.03227095096807098,-0.514319197318487,1.4280002038373647,0.5390212923008831
-10.092079207920792,0.5,1,1,1,-1.1181166402454505,7.849246144107749,0.3137067236089546,-0.25958585000208323,-1.302438983697704,0.032514704757657505,-0.001770914577384746,-0.016761048072943763,0.012145340625448572,-0.12656850729779007,-0.38862922584389603,0.,-0.15483512246572684,-0.4754220071168597,0.,0.12191560113817308,-0.03970539173646578,1.4280001721744195,-0.032919521327553755,-0.5151273988533255,1.4280001721744195,0.5390212893416818
-9.788118811881187,0.5,1,1,1,-1.1970960621564157,7.4525811691960016,0.32417804505693826,-0.26006037675030236,-1.3075385328534685,0.03647750911287312,-0.001324983738830345,-0.01675988177252654,0.013969289903805346,-0.12953212254763052,-0.3864782254596015,0.,-0.15889314786319947,-0.4740811824594217,0.,0.12528775558656824,-0.041991470259566614,1.4280002191113483,-0.03360539227663123,-0.5160726527189883,1.4280002191113483,0.5390212957232243
-9.484158415841584,0.5,1,1,1,-1.276195707660893,7.054370539127012,0.33594276392102324,-0.2603661683384339,-1.3125953433656432,0.04103828763338843,-0.000646704079708925,-0.016460758896823777,0.01608005611635234,-0.13290642870800715,-0.38428976455181835,0.,-0.1634268556789439,-0.4725374724219166,0.,0.1290993656500971,-0.044648953003040344,1.4280001431573959,-0.0343274900288468,-0.517186425424957,1.4280001431573959,0.5390212856741003
-9.18019801980198,0.5,1,1,1,-1.3553533446441681,6.65464134965665,0.34919465730316623,-0.2604268518827871,-1.3175107677699136,0.046275657710335795,0.0003013587018572417,-0.01581156392312749,0.018419817822080607,-0.13676736894656358,-0.3820866521600547,0.,-0.16850453740411112,-0.47075069928171803,0.,0.1334226175611444,-0.04775843452955097,1.428000210624572,-0.03508191984296671,-0.518509133811269,1.428000210624572,0.5390212993457564
-8.876237623762375,0.5,1,1,1,-1.4344791160872765,6.253456493021589,0.3641503168649993,-0.26013525037967533,-1.3221458598810483,0.05225881798435638,0.0017039655318333339,-0.014574984477554688,0.020970036177147818,-0.14120764559945273,-0.37990392374493454,0.,-0.17420218371838644,-0.4686721660049224,0.,0.13834213420997446,-0.05142080888880123,1.428000112969911,-0.035860049508411984,-0.5200929748937236,1.428000112969911,0.5390212817738351
-8.572277227722772,0.5,1,1,1,-1.5134437129025005,5.850929805450502,0.3810438768058427,-0.25933593472675237,-1.326301038295114,0.05902931901913201,0.0036751734341739133,-0.012614267508465022,0.02357144328113519,-0.1463406954000372,-0.37779469137179955,0.,-0.18060178832117454,-0.46624349223897343,0.,0.14395635383697733,-0.05576222590969312,1.4280001368910213,-0.036645434484197215,-0.5220057181486666,1.4280001368910213,0.5390212937811668
-8.268316831683167,0.5,1,1,1,-1.5920621470299614,5.447245824699985,0.40011347662656466,-0.257814561411187,-1.3297073511206907,0.06656545980293675,0.006516518689270807,-0.009578102006084872,0.02593449799422097,-0.1523048594475618,-0.37583841438260907,0.,-0.18778682978330805,-0.46339627378727904,0.,0.1503780146284412,-0.06093922682068424,1.428000122645562,-0.037408815154866853,-0.5243355006079633,1.428000122645562,0.5390212971774972
-7.964356435643564,0.5,1,1,1,-1.6700700307261227,5.042686991269062,0.4215740065275852,-0.25525887525581137,-1.3319864746718486,0.07472383503053345,0.010548342049171145,-0.005129565430433701,0.027550282117853608,-0.1592678514889378,-0.3741532923842837,0.,-0.19583347000880644,-0.4600535316942039,0.,0.1577333025259295,-0.06714318626323193,1.4280001233391402,-0.03810016748287695,-0.5271967179574358,1.4280001233391402,0.5390212980573523
-7.66039603960396,0.5,1,1,1,-1.7470904525637099,4.637668740013396,0.44556763929911514,-0.25123174231995704,-1.3326339901244226,0.08315103730707267,0.016266875217913354,0.0012158778975264327,0.027549997671846724,-0.167430136565088,-0.3729140703114783,0.,-0.20479451886021893,-0.45613507324564667,0.,0.1661584419701096,-0.07460145069683473,1.428000122351938,-0.03863607689010934,-0.5307365239424814,1.428000122351938,0.5390213010002564
-7.356435643564356,0.5,1,1,1,-1.8225882462062386,4.232783532665389,0.4720816867814099,-0.2451209599145509,-1.330985705387677,0.09115719753411904,0.024318694894754942,0.010014369125652216,0.024613473959664445,-0.17702523432462886,-0.3723773680700389,0.,-0.2146728374933065,-0.4515701195191865,0.,0.17579253603772588,-0.08357037122284512,1.4280001109131881,-0.038880301455580635,-0.5351404907420316,1.4280001109131881,0.5390213021805113
-7.052475247524752,0.5,1,1,1,-1.8958094378377581,3.8288522395174427,0.5008245284281034,-0.23609025487263252,-1.3262012097109108,0.09757189573774243,0.03557537979595685,0.02190282704896365,0.0168355410519498,-0.18831273613631258,-0.3729164070628923,0.,-0.22538070204495472,-0.4463222368936185,0.,0.1867656837103757,-0.09431163727247462,1.428000085519556,-0.03861501833457903,-0.5406338741660931,1.428000085519556,0.5390212907853462
-6.748514851485147,0.5,1,1,1,-1.965706638435531,3.4269771322217957,0.5310615263618089,-0.22304197631414327,-1.3172756912874566,0.10064405226594075,0.050929646970895984,0.03735456326951389,0.0022753797962077526,-0.2015569362636023,-0.3750656599080918,0.,-0.23668433334643119,-0.44043220403185257,0.,0.19918294183669036,-0.10703913422095848,1.4280000689465904,-0.03750139150974083,-0.547471338252811,1.4280000689465904,0.5390212608487522
-6.444554455445544,0.5,1,1,1,-2.0308584915713475,3.028584018344807,0.5614424874012109,-0.20462488619826308,-1.3031049903937972,0.09811905510110289,0.07108382040685136,0.05647489473219804,-0.020201521057516218,-0.21698034838660757,-0.3795719266455213,0.,-0.2481402485551955,-0.4340811180493408,0.,0.21310780664353143,-0.12182198651535828,1.4280000858087218,-0.035032441911664075,-0.555903104564699,1.4280000858087218,0.5390212577818903
-6.14059405940594,0.5,1,1,1,-2.089404697806509,2.635433448412644,0.589903577283331,-0.17932607862471836,-1.2826173588547043,0.0876621132458137,0.09619000853057502,0.07880210101647367,-0.04949993392625683,-0.23467934811396973,-0.3874396967131914,0.,-0.25904381143845534,-0.42766377419117235,0.,0.22855206307268042,-0.13843818696695087,1.4280001261005018,-0.030491748365774923,-0.5661019611581233,1.4280001261005018,0.5390212538572619
-5.836633663366336,0.5,1,1,1,-2.1390337476885923,2.24957863660524,0.6137731201768561,-0.14574396654993602,-1.254995436703367,0.06778484845776575,0.1253176146330273,0.10316499435343587,-0.08117611476792615,-0.25449297955745886,-0.3999460688047795,0.,-0.26842411640094077,-0.42183941699937694,0.,0.2454761465527771,-0.1562009501260864,1.4280001084072809,-0.022947969848163663,-0.5780403671254634,1.4280001084072809,0.5390212743864115
-5.532673267326732,0.5,1,1,1,-2.177069568417578,1.873257688799214,0.6301883594419032,-0.10295562603625896,-1.2198716080033756,0.03888026644240895,0.1562249747725553,0.12782176123901892,-0.10741844236803338,-0.2758332225015952,-0.4185872438353893,0.,-0.27511925300863277,-0.4175037683949355,0.,0.2637888084759319,-0.17382688596785376,1.4280002551591922,-0.011330444532700878,-0.5913306543627893,1.4280002551591922,0.5390213098658843
-5.2287128712871285,0.5,1,1,1,-2.200683436530886,1.50873549426916,0.6367695937284095,-0.05093696403622045,-1.1774398223868419,0.003723646181774886,0.18547278479409893,0.15099751809709866,-0.12140480543739525,-0.29751466050399067,-0.4449205215559005,0.,-0.2779325261106622,-0.4156362723942006,0.,0.2833118597525828,-0.18944828949737177,1.428000150728563,0.005379333641920558,-0.6050845618915723,1.428000150728563,0.5390213012322875
-4.924752475247524,0.5,1,1,1,-2.2072057903287297,1.1581404871476653,0.6322684539203732,0.00923317914307131,-1.1283757056340296,-0.033239445552655775,0.20939561909588264,0.17135546303335325,-0.11946993593020294,-0.31765562831083616,-0.4802951888637888,0.,-0.27582065490251223,-0.41704072502472617,0.,0.30367549648830144,-0.20084363299119712,1.428000166044295,0.027854841585789214,-0.6178843580159232,1.428000166044295,0.5390213187546348
-4.62079207920792,0.5,1,1,1,-2.19445305709618,0.8233484718746412,0.616844419148869,0.07548498691526105,-1.07362391192613,-0.06748259950727058,0.22529223182727295,0.1884439100512537,-0.10434509465898524,-0.3337220677573111,-0.5255207261675131,0.,-0.26803733343722924,-0.42208528508331056,0.,0.32416452708349147,-0.20585459504291811,1.4280001186245312,0.05612719364626223,-0.6279398801262287,1.4280001186245312,0.539021306719585
-4.316831683168316,0.5,1,1,1,-2.160967337859045,0.5059397276535543,0.5918414852775579,0.14519354347951602,-1.0141515546623339,-0.09590670436292427,0.23216230568606927,0.20249417555053142,-0.08213862093344398,-0.3427455216573594,-0.5805693919900035,0.,-0.2541897180079876,-0.4305665886468895,0.,0.3436050512620524,-0.20285101860992297,1.4280000693328818,0.08941533325406475,-0.6334176072568125,1.4280000693328818,0.539021284594113
-4.012871287128712,0.5,1,1,1,-2.106111164876998,0.20721657045098346,0.5592568043283971,0.21566512922417225,-0.9508041002889018,-0.11731604296419783,0.23050262951570505,0.21403024615713115,-0.05887884563947701,-0.34167226566230396,-0.6444103680835584,0.,-0.23421894142196123,-0.44174821729032016,0.,0.360390883130497,-0.1910825394219432,1.4280000260920385,0.12617194170853577,-0.6328307567122633,1.4280000260920385,0.5390212619439034
-3.7089108910891087,0.5,1,1,1,-2.03002630907078,-0.07175097605448359,0.5212030739049399,0.2845090857968033,-0.8842664700114014,-0.13203855955400975,0.22160195597380608,0.22352150222416692,-0.03855085327644836,-0.32775108938363334,-0.7150235462794988,0.,-0.20834414654909264,-0.4545247150581916,0.,0.3726724702352859,-0.17082487526244242,1.428000149986275,0.16432832368619324,-0.625349590320634,1.428000149986275,0.5390213741922681
-3.404950495049505,0.5,1,1,1,-1.9335093916912978,-0.3300797362871076,0.4795531007167801,0.34983085725980556,-0.8150884335070727,-0.14119849932999623,0.20735732389732064,0.2313700681691748,-0.022559976867907575,-0.2988650964467552,-0.789574357953678,0.,-0.17700160110619187,-0.4676221051296063,0.,0.37864283160314716,-0.14332168369706097,1.428000124321497,0.2016412304969553,-0.6109437888266672,1.428000124321497,0.5390214005956939
-3.1009900990099,0.5,1,1,1,-1.8178591624742064,-0.5670412775230098,0.4357905918443025,0.41021148393071627,-0.743747725130443,-0.14615543251337162,0.18945255325797142,0.23782704159060442,-0.01066186702685806,-0.25374809615078486,-0.8646905083506747,0.,-0.14079070553826367,-0.4797686705424166,0.,0.37682398839629133,-0.11058103300091551,1.4279999186993808,0.23603328285802766,-0.5903497035433322,1.4279999186993808,0.5390212048181283
-2.7970297029702964,0.5,1,1,1,-1.6847331533926435,-0.7820445484890026,0.3910034500599218,0.4646841647571556,-0.6706808062815688,-0.1481291591586535,0.1686953606458317,0.24272979563312844,-0.002768175838558461,-0.19206945270600445,-0.93676959175555,0.,-0.10042770979292787,-0.4898104481386115,0.,0.36628014228764455,-0.07509981865916873,1.4279999199006699,0.2658524324947167,-0.5649102667977802,1.4279999199006699,0.5390212640728269
-2.4930693069306926,0.5,1,1,1,-1.5360314417249097,-0.9746308112873933,0.345942716007898,0.5126154967707731,-0.5963197678168453,-0.14809404024182415,0.1464490549690474,0.24627930942459347,0.0025554289978504986,-0.11441459828303753,-1.0022658527815134,0.,-0.056709656744088024,-0.4967736052086178,0.,0.3467265712732088,-0.03958089688098659,1.4279998700919159,0.29001691452912076,-0.5363545020896043,1.4279998700919159,0.5390212016145631
-2.189108910891088,0.5,1,1,1,-1.3738059995881988,-1.1444744796935367,0.30110282351274864,0.5536214666098184,-0.521115484071811,-0.14677686630483947,0.12326495394610285,0.2483114304785484,0.005855080943396497,-0.022178648712016073,-1.057924311018475,0.,-0.010479850167681711,-0.4998901606757858,0.,0.3185439971104421,-0.006678053748885426,1.4279998681424024,0.3080641469427604,-0.5065682144246713,1.4279998681424024,0.5390211943919095
-1.885148514851485,0.5,1,1,1,-1.200194912130238,-1.291388507022822,0.25679319666172357,0.5875108585054191,-0.44552724433103597,-0.14467473378238072,0.09969289005655803,0.24874817062238527,0.007776373136569142,0.08257940213488446,-1.1009525728034049,0.,0.037398558508561414,-0.498599386102191,0.,0.2827171305431353,0.021205828652630942,1.4279997672091476,0.32011568905169674,-0.4773935574495601,1.4279997672091476,0.5390211646174721
-1.5811881188118804,0.5,1,1,1,-1.0173728751104076,-1.4153306461878115,0.21319631769518524,0.6142288949312996,-0.37004588618891293,-0.14213142295953612,0.07612709692366236,0.2476568548681267,0.008842994742348698,0.19730526149783328,-1.12913142819156,0.,0.08606626256514899,-0.49253690059534305,0.,0.24072666268434612,0.042064755213223656,1.4279998707287518,0.3267929252494951,-0.4504721453821194,1.4279998707287518,0.5390211806753553
-1.2772277227722775,0.5,1,1,1,-0.8275135056303322,-1.5164087848328742,0.17041064885023338,0.6338328231831822,-0.29517279496370485,-0.13936676382623983,0.05293079336763598,0.24476689602218976,0.00928989248712044,0.3191189728830736,-1.1408696814578008,0.,0.13468794112337706,-0.4815175578480454,0.,0.1944163426707829,0.054381271229424606,1.4279998834572416,0.32910428379415996,-0.4271362866186208,1.4279998834572416,0.5390211878496692
-0.9732673267326728,0.5,1,1,1,-0.6327589097868629,-1.5948856242550185,0.12848058620394506,0.6464703661674911,-0.2214201264241789,-0.13651958191063765,0.03034132943456729,0.24024030319085563,0.009400438262744584,0.4449720334477053,-1.1352197615507065,0.,0.1824683487943117,-0.46551616694619463,0.,0.1458537004343375,0.05717026770172263,1.4279999180285958,0.3283220492286492,-0.408345899244472,1.4279999180285958,0.5390211998370811
-0.6693069306930681,0.5,1,1,1,-0.43519379475736214,-1.6511802187678268,0.087417378821802,0.6523697417176338,-0.14930308547428747,-0.13367323820906063,0.008622476151706662,0.23403118414950796,0.009306176254509309,0.5717889502783831,-1.1118571427573476,0.,0.2286666390123832,-0.44464768997800996,0.,0.09719563704414544,0.049984291272605924,1.4279999331943347,0.3258622760565286,-0.394663398705404,1.4279999331943347,0.5390212037441212
-0.3653465346534652,0.5,1,1,1,-0.23682228120147736,-1.6858670160621672,0.04721302903743474,0.6518319500648357,-0.0793277067190895,-0.13087374703168533,-0.011971655733509962,0.22614839984846105,0.009104238023885297,0.6965878437276896,-1.0710372601936955,0.,0.27260795856806797,-0.41914782705550385,0.,0.050566913265699495,0.03288802209303946,1.4279999567412303,0.3231748718337675,-0.38625980496246437,1.4279999567412303,0.5390212135917225
-0.06138613861386055,0.5,1,1,1,-0.03954667141312471,-1.699671586743281,0.007849520941738426,0.6452264846061228,-0.011980126004347972,-0.12814270728966354,-0.031165558327716954,0.21679125895357432,0.008863736030194944,0.8165801079248658,-1.0135354846173565,0.,0.313692950340285,-0.3893542511734108,0.,0.007955768011698944,0.006409762657763257,1.427999962515361,0.32164871835198394,-0.38294448851564755,1.427999962515361,0.5390212161075645
0,0.5,1,1,1,0.,-1.7,0.,0.6431920864232733,0.0012601240577594375,-0.12760020918729897,-0.13990399342172624,0.8585869375260493,0.035281534499993966,0.84,-1.,0.,0.32159604321163665,-0.38285243239480554,0.,0.,0.,1.428,0.32159604321163665,-0.38285243239480554,1.428,0.5390212285377902
0.24257425742574235,0.5,1,1,1,0.1548523178458745,-1.6934628535828824,-0.030695158088422752,0.6329809175923634,0.05228314773875885,-0.125486024722423,-0.04904527359983127,0.2058887967756765,0.008620267464815685,0.9292499694079843,-0.9405756116820622,0.,0.3514054510332113,-0.3556883593599112,0.,-0.02887111709469583,-0.028523474714640083,1.4279999913071828,0.3225343339385155,-0.3842118340745513,1.4279999913071828,0.5390212280354225
0.546534653465347,0.5,1,1,1,0.3447335163994715,-1.668241925333146,-0.06844318859054987,0.6155845643146469,0.11305156130299233,-0.12289967412156684,-0.06513771704606226,0.19376723858168657,0.008402791039637507,1.0324143401010428,-0.8537519982075582,0.,0.38531809868523503,-0.3186376669912009,0.,-0.0584335090228787,-0.07066172938312378,1.4279999579965463,0.32688458966235634,-0.38929939637432465,1.4279999579965463,0.5390212161777453
0.8504950495049517,0.5,1,1,1,0.5286116016207745,-1.6251274910984272,-0.10541454409984434,0.5935741486588192,0.16996420164107587,-0.12037365333426774,-0.07940622607446118,0.1805623803272136,0.00822448320211376,1.12426528630499,-0.7549483719864953,0.,0.4150961200208452,-0.27873860719972055,0.,-0.0795825384518761,-0.1185139126031215,1.427999956005106,0.33551358156896915,-0.39725251980284204,1.427999956005106,0.5390212156642705
1.1544554455445546,0.5,1,1,1,0.7051706378900143,-1.5653381723234665,-0.14162559741930275,0.5675262405748915,0.22272492152082335,-0.11789462753497511,-0.09172230219505567,0.1664921107721541,0.008093461481744663,1.2033953578402838,-0.6462559844734557,0.,0.4404990292093593,-0.23655994011161746,0.,-0.09152638988685281,-0.1704315864857458,1.427999945212868,0.3489726393225065,-0.40699152659736326,1.427999945212868,0.5390212118857289
1.4584158415841593,0.5,1,1,1,0.8732750117664755,-1.490172245753814,-0.17708839026471315,0.5380480984911473,0.2711075308890234,-0.11544767789270731,-0.10197093679081037,0.15179243910615015,0.008013532514069924,1.2688082673369812,-0.5298937167178884,0.,0.46138033787417704,-0.19268675051261389,0.,-0.09383802530495679,-0.22469121361726582,1.4279999234667593,0.36754231256922026,-0.4173779641298797,1.4279999234667593,0.5390212042751519
1.7623762376237622,0.5,1,1,1,1.0319768044178532,-1.4009852808978678,-0.2118103474077717,0.5057644604169688,0.31496215851343534,-0.11301753694115255,-0.11008818061743136,0.1367276685642626,0.007984764700504328,1.3199154241549966,-0.4081317028290896,0.,0.47768520064894615,-0.1477052777695368,0.,-0.0864465177643549,-0.2795717445391462,1.4279996308040355,0.39123868288459124,-0.427277022308683,1.4279996308040355,0.539021101518522
2.066336633663367,0.5,1,1,1,1.1805200823463786,-1.2991663989648607,-0.2457942861165882,0.47131189961342873,0.3542182630032507,-0.11058927313784594,-0.11626670776237633,0.12157181794373338,0.008000187317647098,1.3565212425433406,-0.28322002029123927,0.,0.4894461157734477,-0.10218855001557058,0.,-0.06961386270141078,-0.33342517041292763,1.4279998961180136,0.4198322530720369,-0.4356137204284982,1.4279998961180136,0.539021194842888
2.3702970297029715,0.5,1,1,1,1.3183397252212954,-1.1861138854887718,-0.27903867688138706,0.43530856630376363,0.3888853642053938,-0.10814925459946412,-0.12028472820647698,0.10658617322937781,0.008061557811431303,1.3787946533890068,-0.1573249837448246,0.,0.4967765526938376,-0.05668383097168684,0.,-0.043899755304541585,-0.3847370357727991,1.4279997077817823,0.452876797389296,-0.44142086674448594,1.4279997077817823,0.5390211310264904
2.6742574257425744,0.5,1,1,1,1.4450585233782733,-1.063211014786298,-0.3115380025942716,0.39836830297668735,0.41905287721468965,-0.10568500066982381,-0.12245741251231125,0.09199800478224872,0.008158613152100359,1.3872356088539224,-0.03247226639756823,0.,0.4998630738719493,-0.011700742680969113,0.,-0.010116345013207491,-0.4321766107099992,1.427999854106051,0.48974672885874176,-0.4438773533909683,1.427999854106051,0.5390211815638055
2.978217821782179,0.5,1,1,1,1.5604778955191196,-0.93180313811187,-0.3432832844744178,0.3610510834639172,0.44487805486592447,-0.10318622026284716,-0.12277185608181299,0.07806273683184282,0.008287829384855215,1.3826296623846484,0.0894987714999361,0.,0.49895576021787,0.03229782261093481,0.,0.03072343223692348,-0.4746336517151575,1.4279995128583374,0.5296791924547936,-0.44233582910422264,1.4279995128583374,0.5390210722354873
3.282178217821782,0.5,1,1,1,1.6645672239018192,-0.7931760916454625,-0.3742626467112815,0.32389742386330933,0.4665936025719672,-0.10064423697634285,-0.12142745192855206,0.06498358708523212,0.00844135349118087,1.3660005081844466,0.20697301933621534,0.,0.49435757814954545,0.07490383785972553,0.,0.07746227001459721,-0.5112429656020665,1.4279994484865166,0.5718198481641427,-0.43633912774234096,1.4279994484865166,0.539021057311938
3.5861386138613867,0.5,1,1,1,1.7574479818559405,-0.6485378613696482,-0.40446197733360456,0.28737590238491645,0.48448146530117864,-0.0980528792982661,-0.11862662064745097,0.05292027397644082,0.008611591144633423,1.3385560822940377,0.3185841608204667,0.,0.48641290390803393,0.11576911035226002,0.,0.12885517963261303,-0.5413950398165696,1.4279993894195075,0.615268083540647,-0.42562592946430955,1.4279993894195075,0.5390210448124463
3.8900990099009896,0.5,1,1,1,1.839376583391699,-0.4990029210848695,-0.4338656071826878,0.25189882869514274,0.49887090004723045,-0.0954081843731063,-0.11458083577335786,0.042000916404346854,0.008790896218673993,1.3016351669933655,0.4232301350409653,0.,0.4754956923447142,0.15460868850624443,0.,0.18362499951755937,-0.5647347320579158,1.4279993502965393,0.6591206918622736,-0.41012604355167137,1.4279993502965393,0.539021040811641
4.194059405940594,0.5,1,1,1,1.9107247798403946,-0.345580325216616,-0.4624570204403697,0.2178120156569815,0.5101241839304379,-0.09270855657497526,-0.10951360948278753,0.03231249814936946,0.008971487630236388,1.2566539146987905,0.5200772393649579,0.,0.4619976976880492,0.19120179740510243,0.,0.24051337051557137,-0.5811484251163291,1.427999337211951,0.7025110682036206,-0.3899466277112267,1.427999337211951,0.5390210471087844
4.498019801980199,0.5,1,1,1,1.971959022094673,-0.18916559431685742,-0.49021957258147075,0.1853924673352429,0.5186238895780669,-0.08995473654978597,-0.1036515529986617,0.0239001674053622,0.009145800484702442,1.205055379212597,0.6085543955843816,0.,0.44631718432996076,0.2253907073767146,0.,0.29832527569595085,-0.5907417329346015,1.427999347801469,0.7446424600259116,-0.3653510255578869,1.427999347801469,0.5390210614270698
4.801980198019802,0.5,1,1,1,2.023619502551194,-0.030536468318256578,-0.517137190875125,0.1548485302579883,0.524760284997454,-0.08714973040943985,-0.09721650002985555,0.016768984253505717,0.009306610278029682,1.1482637178910136,0.6883386224060046,0.,0.42884852112808436,0.2570777040629058,0.,0.3559655015618946,-0.5938098734539857,1.4279993793023957,0.7848140226899789,-0.3367321693910799,1.4279993793023957,0.5390210821111121
5.1059405940594065,0.5,1,1,1,2.0662996252049317,0.12964763270920118,-0.5431950438792624,0.12632255308445695,0.5289196783156961,-0.08429867231556903,-0.09041792624458432,0.010887814290112267,0.009447248979339124,1.087644514198573,0.7593332287382966,0.,0.40997298607250926,0.28622045819750574,0.,0.412466046503481,-0.590803109615133,1.4279994294525988,0.8224390325759903,-0.3045826514176273,1.4279994294525988,0.5390211072539942
5.409900990099011,0.5,1,1,1,2.1006266088530956,0.29084277871405306,-0.5683801587830785,0.0998956048188319,0.5314739629864024,-0.08140861823484961,-0.08344689339572374,0.006194131908883276,0.009561812872505722,1.0244723208392414,0.8216404870767741,0.,0.39005103171586314,0.31282613806616405,0.,0.46700415050730276,-0.5822897403874769,1.4279994935559697,0.8570551822231659,-0.2694636023213129,1.4279994935559697,0.5390211346174728
5.713861386138614,0.5,1,1,1,2.127243788249536,0.45261478095350344,-0.5926819683115749,0.07559384690968848,0.5327719456472013,-0.07848829167286238,-0.07647145540559046,0.0026001834644764177,0.009645316706402802,0.9599059904317596,0.8755306827545779,0.,0.3694161653294198,0.3369446494504799,0.,0.5189112483721603,-0.5689189718031671,1.427999566716324,0.8883274137015801,-0.23197432235268717,1.427999566716324,0.539021161983083
6.017821782178217,0.5,1,1,1,2.1467950440386487,0.6146310981704103,-0.6160927725688632,0.053396075554760766,0.5331326228222545,-0.0755477795894124,-0.06963373135323156,-4.1322888903608593e-7,0.009693833814132257,0.8949718932314003,0.9214094316041045,0.,0.348370500785238,0.3586613920993484,0.,0.567673691388073,-0.551385715072138,1.4279996437296931,0.916044192173311,-0.19272432297278957,1.4279996437296931,0.5390211873276296
6.321782178217823,0.5,1,1,1,2.159911642458676,0.7766509923969277,-0.6386081017707014,0.03324192184914889,0.5328404338810411,-0.07259818924143832,-0.06304951678841836,-0.0017241154065550466,0.009704482015651366,0.8305546933592993,0.9597850106670748,0.,0.327181955130021,0.37808989438663515,0.,0.612926483770073,-0.5303989561429291,1.4279996919597138,0.940108438900094,-0.15230906175629394,1.4279996919597138,0.5390212081223403
6.625742574257426,0.5,1,1,1,2.1672015617597493,0.9385146549622705,-0.6602269770030943,0.015040152638347005,0.53214274999163,-0.06965129793517934,-0.05680604581237789,-0.002697663202410441,0.009675776175653997,0.7673947508434306,0.9912372812266311,0.,0.3060829162619677,0.39536470299278015,0.,0.6544415936770247,-0.5066547165174009,1.427999764141163,0.9605245099389924,-0.11129001352462076,1.427999764141163,0.5390212277951391
6.929702970297029,0.5,1,1,1,2.1692413787805567,1.1001316462829682,-0.6809520535913344,-0.0013233848452148303,0.5312490931341474,-0.06671919784552768,-0.05096618117971978,-0.0030441515720424266,0.009607235151162631,0.7060916039018353,1.016389217299191,0.,0.2852703373119536,0.41063467297577805,0.,0.6921123247679731,-0.4808145277005538,1.4279998284846804,0.9773826620799267,-0.07017985472477573,1.4279998284846804,0.5390212432250456
7.233663366336636,0.5,1,1,1,2.166570462231725,1.2614694898959955,-0.7007896637115774,-0.01597818454678787,0.530331606374546,-0.06381393414495297,-0.045569338192445394,-0.0028832424593823285,0.009499537358475064,0.647111747689563,1.035882123315403,0.,0.2649068587438178,0.424057019975478,0.,0.7259354848430359,-0.45348922404718,1.427999884465374,0.9908423435868537,-0.029432204071701995,1.427999884465374,0.5390212545913565
7.5376237623762385,0.5,1,1,1,2.1596873256010394,1.4225426133043515,-0.7197497533100556,-0.02906254822269483,0.5295271976373523,-0.06094718865174058,-0.040634905402822934,-0.002326349823225186,0.009354356881207483,0.5907999228986653,1.0503548228440716,0.,0.24512284597153441,0.43579214125866855,0.,0.7559926246300477,-0.42522809876191425,1.4279999320199896,1.0011154706015821,0.0105640424967543,1.4279999320199896,0.5390212623055091
7.841584158415841,0.5,1,1,1,2.149047824345465,1.5834020639086717,-0.7378457277798377,-0.04071801001723266,0.5289404705131503,-0.058129998545027727,-0.0361656660980752,-0.0014741210297256396,0.009174219946066044,0.5373925531777282,1.0604270520998964,0.,0.22601904679429874,0.4459993166880378,0.,0.7824315700140759,-0.396512799502886,1.4279999713615923,1.0084506168083747,0.04948651718515179,1.4279999713615923,0.539021266822199
8.145544554455444,0.5,1,1,1,2.1350648871540705,1.744126216269516,-0.755094219061143,-0.05108481871802667,0.5286472620999945,-0.055372522005131194,-0.03215125720940393,-0.0004149598029767684,0.008962337217506108,0.48703229662570446,1.0666869252300928,0.,0.20766964890761644,0.4548332847567198,0.,0.8054491307893489,-0.36775527167814126,1.428000002930268,1.0131187796969654,0.08707801307857854,1.428000002930268,0.5390212686662085
8.44950495049505,0.5,1,1,1,2.118109462124996,1.9048126079287098,-0.7715147895491483,-0.06029845264858644,0.528698486640567,-0.052683857240193324,-0.028571464115197943,0.0007755852110207408,0.008722424755385462,0.4397828149118804,1.0696821474306317,0.,0.1901255354965292,0.46244165118656644,0.,0.8252755968594249,-0.33929894589407145,1.4280000273444782,1.015401132355954,0.12314270529249499,1.4280000273444782,0.5390212683603812
8.753465346534654,0.5,1,1,1,2.0985124673057434,2.065570955122589,-0.7871295844759183,-0.06848679610156776,0.5291240287071747,-0.05007190098655999,-0.025408268265232403,0.002035073163961213,0.00845805080642491,0.39564316494501695,1.0699146486686144,0.,0.17341759352810443,0.46896304572420316,0.,0.8421614728312246,-0.3114224400239084,1.428000199080929,1.015579066359329,0.15754060570029477,1.428000199080929,0.5390213412276904
9.057425742574257,0.5,1,1,1,2.0765668936112442,2.226517377293062,-0.8019629799565453,-0.0757686604274607,0.5299367192169094,-0.047543294023285394,-0.022609307356422,0.003311034975135096,0.008174569219141193,0.35456061964878544,1.0678373031261095,0.,0.15755979577272328,0.4745259853327926,0.,0.8563659857237756,-0.2843444911087792,1.4280002104829772,1.013925781496499,0.19018149422401343,1.4280002104829772,0.5390213257553802
9.361386138613863,0.5,1,1,1,2.0525312802948052,2.3877696352165505,-0.8160411620810977,-0.08225453034559865,0.531135532661551,-0.04510347078084561,-0.02014460236689707,0.004567417693105949,0.00787576655357177,0.31644338553805956,1.0638541923766673,0.,0.14255235392063834,0.4792481887202966,0.,0.8681488114319033,-0.2582308280673549,1.4280001002729743,1.0107011653525415,0.2210173606529417,1.4280001002729743,0.5390212742226043
9.665346534653466,0.5,1,1,1,2.026632493325164,2.54944353273893,-0.8293917588227463,-0.08804353296383131,0.5327086441699656,-0.04275652528271819,-0.017983141030796426,0.005775915495311507,0.007565375547479392,0.28117058919259297,1.058321370270817,0.,0.12838432691522716,0.48323644792433035,0.,0.8777630226886117,-0.23320056949967255,1.4279999371577992,1.006147349603839,0.2500358784246578,1.4279999371577992,0.5390212202469662
9.969306930693069,0.5,1,1,1,1.9990689203162129,2.711650136342987,-0.8420434603384119,-0.09322423780951813,0.5346365120268837,-0.04050532170011237,-0.016104884338217943,0.006909078221218262,0.00724710405142544,0.24860125166295646,1.051549292088223,0.,0.11503605797998935,0.4865867911939499,0.,0.8854502046263747,-0.20933305819473624,1.4279998900271889,1.000486262606364,0.27725373299921363,1.4279998900271889,0.5390212082339958
10.273267326732672,0.5,1,1,1,1.9700135122519664,2.8744937582280876,-0.854025662493794,-0.0978737591746995,0.5368949071953685,-0.038351582179287795,-0.014498268964732787,0.007944893255596136,0.006924190174264903,0.2185817059348444,1.0438059248755642,0.,0.10248129889647338,0.4893849030941716,0.,0.891437046506801,-0.18667438622002916,1.428000026800965,0.9939183454032744,0.3027105168741424,1.428000026800965,0.5390212446007655
10.577227722772278,0.5,1,1,1,1.939616718464992,3.0380705974383897,-0.8653681352804163,-0.10206126422830508,0.5394558255616634,-0.036296047620499386,-0.013094371590118043,0.008885612615268754,0.006600968487640655,0.19095163250317734,1.0353203889045426,0.,0.0906890293917753,0.4917067214793567,0.,0.8959332743641195,-0.16524345814802593,1.4280001950461643,0.9866223037558948,0.32646326333133074,1.4280001950461643,0.5390212803237282
10.881188118811881,0.5,1,1,1,1.9080093059919554,3.2024679598725676,-0.8761007231887363,-0.10584786995225173,0.542289072476867,-0.034338543149580625,-0.01186907536777008,0.009728483556878352,0.00627992790107637,0.16554883137427756,1.0262869766524725,0.,0.07962497333870848,0.4936191483530698,0.,0.8991307624444129,-0.14503745089005474,1.428000273800796,0.9787557357831214,0.34858169746301504,1.428000273800796,0.5390212899906119
11.185148514851484,0.5,1,1,1,1.8753048667199526,3.367763890270429,-0.8862530845473229,-0.10928661578573508,0.5453637400929565,-0.03247806803424406,-0.010800421473162772,0.010473314475902981,0.0059632487408006335,0.14221283329312795,1.0168690440045904,0.,0.06925283821542072,0.4951808199022946,0.,0.9012033268297558,-0.12603656216824888,1.4280002223410295,0.9704561650451765,0.36914425773404574,1.4280002223410295,0.5390212728372011
11.48910891089109,0.5,1,1,1,1.8416020879595076,3.534027138428473,-0.89585446820363,-0.11242298124429438,0.5486495091185754,-0.030712949070833568,-0.009866237326896354,0.01112390446842454,0.005652628750324306,0.12078757080578273,1.0072027837581035,0.,0.05953531120304117,0.4964428937148331,0.,0.9023071142168316,-0.10820808500982279,1.4280001963550648,0.9618424254198727,0.38823480870501026,1.4280001963550648,0.539021262478873
11.793069306930693,0.5,1,1,1,1.8069866945979567,3.7013172967624404,-0.9049335180571346,-0.11529834945208148,0.5521151885978213,-0.02904074993852398,-0.00905312351912955,0.011679589173519012,0.005350114726110177,0.10112335417033155,0.997400619840098,0.,0.05043489359745365,0.49744981807998834,0.,0.9025812518242665,-0.09150991264709575,1.4280000293375295,0.9530161454217202,0.4059399054328926,1.4280000293375295,0.5390212348423424
12.097029702970296,0.5,1,1,1,1.771533414578782,3.869685335880282,-0.9135181367285865,-0.11794306240509517,0.5557357355342575,-0.027459037906472996,-0.008365005632089875,0.012127490340499997,0.005059157576262798,0.08307799040666407,0.9875547804308596,0.,0.04191441908141682,0.49824008416933635,0.,0.9021492029366073,-0.07589325099945114,1.4280006110492094,0.9440636220180241,0.4223468331698852,1.4280006110492094,0.5390213191767574
12.400990099009903,0.5,1,1,1,1.735307114473241,4.039173708484625,-0.9216353116522432,-0.12038745803149199,0.5594841068696415,-0.025964710781561113,-0.007747244846227306,0.012508341732148338,0.004777043612190136,0.06651802432498258,0.9777394784911608,0.,0.0339377827896944,0.4988468972533752,0.,0.9011192289739027,-0.06130536007924682,1.4280004181332575,0.9350570117635971,0.4375415371741284,1.4280004181332575,0.5390212831964611
12.704950495049506,0.5,1,1,1,1.698364729472942,4.209817438861439,-0.9293110783852333,-0.12265816680806141,0.5633343585062898,-0.02455416192293118,-0.007195603562803196,0.012824244500412406,0.00450404364540266,0.05131857981151287,0.9680145762590395,0.,0.02646996077291329,0.49929884956474757,0.,0.8995866697559127,-0.04769092474583569,1.4279999617059387,0.926056630528826,0.4516079248189119,1.4279999617059387,0.5390212226298752
13.008910891089108,0.5,1,1,1,1.6607561963257595,4.381644565005876,-0.9365704466446467,-0.12477527398934565,0.5672656140412569,-0.023224038166105014,-0.006734547923171253,0.013042648596114013,0.0042479107154731405,0.037363573078527154,0.9584274364910722,0.,0.019477329179751996,0.499620489619895,0.,0.8976348122709272,-0.034993618326396074,1.4280004069724332,0.9171121414506792,0.46462687129349894,1.4280004069724332,0.5390212737524616
13.312871287128711,0.5,1,1,1,1.622525201356321,4.554676456276476,-0.9434372913040571,-0.12675627331565886,0.5712587385584545,-0.02197089558915907,-0.006317922241495947,0.013210742375216989,0.004001749436183407,0.02454607509098165,0.949014496372531,0.,0.01292807896263299,0.4998328368308108,0.,0.8953356658659845,-0.023157682595981714,1.4280005065060197,0.9082637448286175,0.4766751542348291,1.4280005065060197,0.5390212786271436
13.616831683168318,0.5,1,1,1,1.583710403226204,4.728928818934728,-0.9499343853601782,-0.1286181578680459,0.5752942292586811,-0.020790756131204163,-0.005941510808811672,0.013331861159390156,0.0037655976250224395,0.012767531104849883,0.9398036490823849,0.,0.0067920320841181785,0.49995386617183823,0.,0.8927518017503279,-0.012128316812652529,1.4280000702533515,0.899543833834446,0.4878255493591857,1.4280000702533515,0.5390212324283102
13.92079207920792,0.5,1,1,1,1.5443461422540252,4.904412300065845,-0.9560834073523501,-0.13037440805869344,0.5793558766790585,-0.019679828428158838,-0.005614272204569628,0.01339298505937954,0.0035440895415950057,0.0019373105704654984,0.9308156563128613,0.,0.0010406498651439383,0.4999989170466854,0.,0.8899374043045146,-0.0018522304913103787,1.4280001981855774,0.8909780541696586,0.49814668655537503,1.4280001981855774,0.5390212432510413
14.224752475247524,0.5,1,1,1,1.5044628569436316,5.081132799528792,-0.9619048816547726,-0.13203528695061878,0.5834310018362071,-0.018634849229942897,-0.005322983342710742,0.013409100689605533,0.00333499560967357,-0.008027303059628552,0.9220650860979346,0.,-0.004352728999455763,0.4999810533912833,0.,0.8869389075210315,0.007721501999578997,1.4280004665869106,0.8825861785215758,0.5077025553908623,1.4280004665869106,0.5390212625263782
14.52871287128713,0.5,1,1,1,1.4640877393389458,5.259092150872059,-0.9674182168289003,-0.1336114333307497,0.587506170479384,-0.017651992520926946,-0.005056265147784026,0.013393809887170153,0.003135500854131411,-0.017201799319287878,0.9135616112953204,0.,-0.009413021796422918,0.49991138716842615,0.,0.8837961449626558,0.01664133402371407,1.4280002020091536,0.8743831231662329,0.5165527211921402,1.4280002020091536,0.5390212395103342
14.832673267326733,0.5,1,1,1,1.4232452819258372,5.438288745674928,-0.9726417742252697,-0.13511176246863196,0.5915699226629735,-0.016727529164970042,-0.004815607355545364,0.013344885262180832,0.002947287351187666,-0.025655201478309554,0.9053110406484396,0.,-0.014163588547349438,0.4997993525000422,0.,0.8805433368020236,0.024953320683969767,1.428000060745775,0.8663797482546741,0.524752673184012,1.428000060745775,0.5390212290223914
15.136633663366336,0.5,1,1,1,1.3819575495472214,5.618717847620982,-0.9775928604424272,-0.13654281288576506,0.5956138201425324,-0.015858421107370485,-0.00460335229037813,0.013259376862510726,0.0027729110190774257,-0.033450315949704164,0.8973159137694163,0.,-0.018626159019565533,0.4996529457535278,0.,0.877209630862354,0.03270079005197424,1.4280003885976722,0.8585834718427885,0.532353735805502,1.4280003885976722,0.5390212482663763
15.440594059405942,0.5,1,1,1,1.3402444682745565,5.800371962475919,-0.982287732956358,-0.13791107819989493,0.5996294997089803,-0.015041359293838524,-0.004406012353905427,0.013154852299108415,0.0026068585560947185,-0.040644082845541454,0.8895761203530891,0.,-0.022820827677541625,0.4994789383188364,0.,0.8738197105537481,0.03992418399643732,1.4280002729901957,0.8509988828762064,0.5394031223152737,1.4280002729901957,0.5390212392360225
15.744554455445545,0.5,1,1,1,1.2981242399920485,5.983241395457718,-0.986741711126221,-0.13922252216888079,0.6036094171235649,-0.014272931101937152,-0.0042230326537540525,0.013032226454837086,0.002449248765210736,-0.04728843878890432,0.8820895987525393,0.,-0.026766346546786612,0.4992830486733325,0.,0.8703946000397222,0.04666147500705101,1.428000034473872,0.8436282534929356,0.5459445236803835,1.428000034473872,0.539021226231485
16.048514851485148,0.5,1,1,1,1.2556135164871927,6.167314507562079,-0.9909691968375381,-0.14048154025145163,0.6075481662688246,-0.013550380042609602,-0.00406120696012477,0.012883903202775982,0.0023052617976273043,-0.053430617476958576,0.8748526870625121,0.,-0.03048012978602352,0.4990700969685793,0.,0.8669520646494997,0.052948096087675374,1.428000281124477,0.8364719348634762,0.5520181930562547,1.428000281124477,0.5390212370185161
16.35247524752475,0.5,1,1,1,1.2127275281753795,6.352577939080341,-0.9949836659894414,-0.1416921863012996,0.6114409195857191,-0.012870970878635292,-0.00390897520932585,0.01272475233488013,0.002168323144174337,-0.059113328187005654,0.8678604406321254,0.,-0.03397820239527723,0.49884414576296837,0.,0.8635069627873643,0.05881679598834387,1.4280002715153814,0.829528760392087,0.5576609417513122,1.4280002715153814,0.5390212349981287
16.656435643564357,0.5,1,1,1,1.1694803556262394,6.539017006755633,-0.9987977786177814,-0.14285846904505578,0.6152831750549989,-0.012231764962810296,-0.00376606482717417,0.01255525313683449,0.002038335545905181,-0.0643754696724519,0.861107028059976,0.,-0.03727546287722464,0.49860860388413736,0.,0.8600717867784636,0.06429807610632131,1.4280000444138792,0.822796323901239,0.5629066799904586,1.4280000444138792,0.5390212259649678
16.96039603960396,0.5,1,1,1,1.1258850565043894,6.726615912036571,-1.0024234207547515,-0.14398351658350975,0.6190716987332066,-0.011630281714341406,-0.003636528096855244,0.012372492237692665,0.0019193066752907855,-0.06925245232559622,0.8545859429150565,0.,-0.04038574503750533,0.49836632269623277,0.,0.8566569642258358,0.0694202801558795,1.4280001903876849,0.8162712191883305,0.5677866028521122,1.4280001903876849,0.5390212304098769
17.264356435643563,0.5,1,1,1,1.0819537247407607,6.9153578923786245,-1.0058716946717692,-0.1450699258324113,0.6228040061794257,-0.011064345110517897,-0.0035146936432484278,0.012182954970704105,0.0018069994088511939,-0.07377630180238559,0.8482901773661256,0.,-0.0433217659379781,0.4981196890266586,0.,0.8532710782806804,0.0742094937205815,1.4280002480019145,0.8099493123427023,0.5723291827472401,1.4280002480019145,0.5390212310717765
17.56831683168317,0.5,1,1,1,1.0376976532893456,7.105225471694196,-1.0091530066103125,-0.14612047488090588,0.6264777325991185,-0.010531490096362386,-0.0033992078641774904,0.01198830582371397,0.0017004564259779308,-0.07797616220357062,0.842212422058617,0.,-0.04609531338654668,0.49787068811469115,0.,0.8499211979250069,0.07868987853166672,1.4280000678151308,0.8038258845384602,0.5765605666463579,1.4280000678151308,0.5390212259965654
17.872277227722773,0.5,1,1,1,0.9931274326490196,7.296200618914532,-1.01227712193952,-0.14713744948543708,0.6300912665739729,-0.010029557946468402,-0.0032922862763861737,0.011788041502689044,0.0016021590228359316,-0.08187861126869496,0.8363451859349469,0.,-0.04871734052200425,0.4976209609054497,0.,0.8466130977662006,0.08288384496347927,1.4280001215304552,0.7978957572441964,0.5805048058689289,1.4280001215304552,0.5390212269645214
18.176237623762376,0.5,1,1,1,0.948252980658828,7.488264857707719,-1.0152531605154134,-0.1481226204589271,0.6336435585418003,-0.009556809022876726,-0.003191738038506787,0.011584569480206395,0.0015102804882981685,-0.08550773657614263,0.8306808945625587,0.,-0.051197930130426186,0.49737186485602497,0.,0.8433514035844085,0.08681199980744822,1.4280002131105458,0.7921534734539823,0.5841838646634732,1.4280002131105458,0.5390212280729845
18.48019801980198,0.5,1,1,1,0.9030836331838187,7.681399415467848,-1.018089656464192,-0.14907794889692186,0.6371337009759171,-0.009111243960353978,-0.0030955987052241262,0.011379427470001232,0.0014229904080581334,-0.08888545297229383,0.8252119841663782,0.,-0.0535464079992181,0.4971245137693185,0.,0.8401397854700822,0.09049336028122672,1.4280001033127736,0.7865933774708641,0.5876178740505452,1.4280001033127736,0.5390212258682325
18.784158415841585,0.5,1,1,1,0.8576282228944532,7.875585332468358,-1.020794619667353,-0.1500052063676682,0.6405612237354111,-0.00869097227253267,-0.0030055742293282174,0.011173002413313508,0.0013423151600169048,-0.09203179140345817,0.8199309582463987,0.,-0.05577145068023951,0.4968798097015229,0.,0.8369811106766208,0.09394555750299825,1.4280001571148677,0.7812096599963814,0.5908253672045212,1.4280001571148677,0.5390212260526042
19.088118811881188,0.5,1,1,1,0.8118950913447822,8.07080354108693,-1.0233755306398904,-0.1509055652641918,0.6439259664049002,-0.008294712175781082,-0.0029202819705219695,0.010966426797327336,0.0012668786756335597,-0.09496494187597349,0.8148304458957079,0.,-0.057881053645704804,0.4966384838379554,0.,0.8338775399500584,0.09718479778451071,1.4280002284727267,0.7759964863043536,0.5938232816224661,1.4280002284727267,0.5390212260384422
19.39207920792079,0.5,1,1,1,0.7658921444335852,8.26703496040435,-1.0258393864702684,-0.1517806460499891,0.6472279691830878,-0.007920648814095118,-0.0028382011547295376,0.010760169975685135,0.0011950930731122553,-0.09770147493823345,0.8099032428447983,0.,-0.05988261202326215,0.4964011208461071,0.,0.8308306457401887,0.1002260211078777,1.4280000404435627,0.7709480337169266,0.5966271419539848,1.4280000404435627,0.5390212244481596
19.696039603960397,0.5,1,1,1,0.7196269191597098,8.464260550767722,-1.028192765779468,-0.15263156792281707,0.6504674871385676,-0.007567496673877583,-0.0027607329117215343,0.010555201934866773,0.00112861988470516,-0.10025659608248441,0.8051423218142031,0.,-0.06178303002257873,0.49616817431313465,0.,0.827841510712248,0.10308310681368461,1.4280000397074772,0.7660584806896693,0.5992512811268192,1.4280000397074772,0.5390212245417791
20.,0.5,1,1,1,0.673106570633598,8.66246138372023,-1.0304418064205354,-0.15345948948529695,0.6536449608051988,-0.007233906325271861,-0.00268682916062167,0.01035195378694196,0.0010663394123097032,-0.10264411885137019,0.8005408774101349,0.,-0.06358866307347515,0.49593999831484464,0.,0.8249107878319798,0.10576879124765003,1.4280000404615312,0.7613221247585047,0.6017087895624946,1.4280000404615312,0.5390212245168491
